name,link,year_from,year_to,college
Cody Zeller,/players/z/zelleco01.html,2014,2017,Indiana University
Luke Zeller,/players/z/zellelu01.html,2013,2013,University of Notre Dame
Tyler Zeller,/players/z/zellety01.html,2013,2017,University of North Carolina
Tony Zeno,/players/z/zenoto01.html,1980,1980,Arizona State University
Phil Zevenbergen,/players/z/zevenph01.html,1988,1988,University of Washington
Wang Zhizhi,/players/z/zhizhwa01.html,2001,2005,
George Zidek,/players/z/zidekge01.html,1996,1998,"University of California, Los Angeles"
Derrick Zimmerman,/players/z/zimmede01.html,2006,2006,Mississippi State University
Stephen Zimmerman,/players/z/zimmest01.html,2017,2017,"University of Nevada, Las Vegas"
Paul Zipser,/players/z/zipsepa01.html,2017,2017,
Jim Zoet,/players/z/zoetji01.html,1983,1983,Kent State University
Ivica Zubac,/players/z/zubaciv01.html,2017,2017,